{"data":{"Year":[2000,2001,2002,2003,2004,2005,2006,2007,2008,2009,2010,2011,2012,2013,2014,2015,2016],"Value":[49.39525181,50.96021796,50.28062128,49.89591652,50.31558876,49.78692803,50.33486284,50.84718186,50.37943563,51.98145058,51.8368835,50.7751388,50.40234983,50.41219843,49.11614306,49.25016029,49.34687998]},"edges":[]}